objectName,primaryClass,secondClass,secondClassCN,gunDetail
M4A1突击步枪,gun,gunRifle,步枪,"{""meatHarm"": 27, ""shootDistance"": 40, ""recoil"": 41, ""control"": 58, ""stable"": 55, ""hipShot"": 55, ""armorHarm"": 32, ""fireSpeed"": 800, ""capacity"": 30, ""fireMode"": ""全自动,单发"", ""muzzleVelocity"": 575, ""soundDistance"": 500, ""caliber"": ""ammo5.56x45"", ""ammo"": [{""objectID"": 37100500001}, {""objectID"": 37100400001}, {""objectID"": 37100300001}, {""objectID"": 37100200001}, {""objectID"": 37100100001}], ""accessory"": [{""slotID"": ""6""}, {""slotID"": ""2""}, {""slotID"": ""10""}, {""slotID"": ""17""}, {""slotID"": ""19""}, {""slotID"": ""20""}, {""slotID"": ""32""}, {""slotID"": ""34""}, {""slotID"": ""35""}, {""slotID"": ""4""}, {""slotID"": ""11""}, {""slotID"": ""31""}, {""slotID"": ""8""}, {""slotID"": ""5""}, {""slotID"": ""44""}, {""slotID"": ""3""}, {""slotID"": ""38""}, {""slotID"": ""1""}], ""allAccessory"": [{""slotID"": ""6""}, {""slotID"": ""2""}, {""slotID"": ""10""}, {""slotID"": ""14""}, {""slotID"": ""17""}, {""slotID"": ""19""}, {""slotID"": ""20""}, {""slotID"": ""32""}, {""slotID"": ""34""}, {""slotID"": ""35""}, {""slotID"": ""4""}, {""slotID"": ""11""}, {""slotID"": ""40""}, {""slotID"": ""31""}, {""slotID"": ""41""}, {""slotID"": ""45""}, {""slotID"": ""50""}, {""slotID"": ""8""}, {""slotID"": ""5""}, {""slotID"": ""44""}, {""slotID"": ""3""}, {""slotID"": ""38""}, {""slotID"": ""1""}, {""slotID"": ""43""}, {""slotID"": ""30""}, {""slotID"": ""29""}]}"
AKM突击步枪,gun,gunRifle,步枪,"{""meatHarm"": 40, ""shootDistance"": 40, ""recoil"": 39, ""control"": 54, ""stable"": 55, ""hipShot"": 53, ""armorHarm"": 42, ""fireSpeed"": 600, ""capacity"": 30, ""fireMode"": ""单发,全自动"", ""muzzleVelocity"": 525, ""soundDistance"": 500, ""caliber"": ""ammo7.62x39"", ""ammo"": [{""objectID"": 37110500001}, {""objectID"": 37110400001}, {""objectID"": 37110300001}, {""objectID"": 37110200001}, {""objectID"": 37110100001}], ""accessory"": [{""slotID"": ""6""}, {""slotID"": ""2""}, {""slotID"": ""11""}, {""slotID"": ""31""}, {""slotID"": ""8""}, {""slotID"": ""5""}, {""slotID"": ""44""}, {""slotID"": ""3""}, {""slotID"": ""28""}, {""slotID"": ""1""}], ""allAccessory"": [{""slotID"": ""6""}, {""slotID"": ""2""}, {""slotID"": ""10""}, {""slotID"": ""14""}, {""slotID"": ""17""}, {""slotID"": ""19""}, {""slotID"": ""20""}, {""slotID"": ""34""}, {""slotID"": ""35""}, {""slotID"": ""4""}, {""slotID"": ""11""}, {""slotID"": ""40""}, {""slotID"": ""31""}, {""slotID"": ""41""}, {""slotID"": ""45""}, {""slotID"": ""50""}, {""slotID"": ""8""}, {""slotID"": ""5""}, {""slotID"": ""44""}, {""slotID"": ""3""}, {""slotID"": ""28""}, {""slotID"": ""1""}, {""slotID"": ""43""}, {""slotID"": ""54""}]}"
QBZ95-1突击步枪,gun,gunRifle,步枪,"{""meatHarm"": 27, ""shootDistance"": 55, ""recoil"": 52, ""control"": 55, ""stable"": 58, ""hipShot"": 54, ""armorHarm"": 42, ""fireSpeed"": 679, ""capacity"": 30, ""fireMode"": ""单发,全自动"", ""muzzleVelocity"": 575, ""soundDistance"": 500, ""caliber"": ""ammo5.8x42"", ""ammo"": [{""objectID"": 37130500001}, {""objectID"": 37130400001}, {""objectID"": 37130300001}, {""objectID"": 37130200001}], ""accessory"": [{""slotID"": ""6""}, {""slotID"": ""2""}, {""slotID"": ""37""}, {""slotID"": ""8""}, {""slotID"": ""5""}, {""slotID"": ""44""}, {""slotID"": ""1""}, {""slotID"": ""29""}], ""allAccessory"": [{""slotID"": ""6""}, {""slotID"": ""2""}, {""slotID"": ""10""}, {""slotID"": ""14""}, {""slotID"": ""17""}, {""slotID"": ""19""}, {""slotID"": ""20""}, {""slotID"": ""34""}, {""slotID"": ""35""}, {""slotID"": ""4""}, {""slotID"": ""37""}, {""slotID"": ""11""}, {""slotID"": ""40""}, {""slotID"": ""31""}, {""slotID"": ""41""}, {""slotID"": ""45""}, {""slotID"": ""50""}, {""slotID"": ""8""}, {""slotID"": ""5""}, {""slotID"": ""44""}, {""slotID"": ""1""}, {""slotID"": ""29""}]}"
AKS-74U突击步枪,gun,gunRifle,步枪,"{""meatHarm"": 34, ""shootDistance"": 40, ""recoil"": 35, ""control"": 60, ""stable"": 53, ""hipShot"": 52, ""armorHarm"": 36, ""fireSpeed"": 533, ""capacity"": 20, ""fireMode"": ""单发,全自动"", ""muzzleVelocity"": 500, ""soundDistance"": 500, ""caliber"": ""ammo5.45x39"", ""ammo"": [{""objectID"": 37120500001}, {""objectID"": 37120400001}, {""objectID"": 37120400002}, {""objectID"": 37120300001}, {""objectID"": 37120200001}, {""objectID"": 37120100001}], ""accessory"": [{""slotID"": ""6""}, {""slotID"": ""2""}, {""slotID"": ""19""}, {""slotID"": ""20""}, {""slotID"": ""11""}, {""slotID"": ""31""}, {""slotID"": ""8""}, {""slotID"": ""5""}, {""slotID"": ""44""}, {""slotID"": ""3""}, {""slotID"": ""28""}, {""slotID"": ""1""}], ""allAccessory"": [{""slotID"": ""6""}, {""slotID"": ""2""}, {""slotID"": ""14""}, {""slotID"": ""17""}, {""slotID"": ""19""}, {""slotID"": ""20""}, {""slotID"": ""46""}, {""slotID"": ""4""}, {""slotID"": ""11""}, {""slotID"": ""40""}, {""slotID"": ""31""}, {""slotID"": ""41""}, {""slotID"": ""45""}, {""slotID"": ""50""}, {""slotID"": ""8""}, {""slotID"": ""5""}, {""slotID"": ""44""}, {""slotID"": ""3""}, {""slotID"": ""28""}, {""slotID"": ""1""}, {""slotID"": ""43""}, {""slotID"": ""54""}]}"
ASh-12战斗步枪,gun,gunRifle,步枪,"{""meatHarm"": 56, ""shootDistance"": 55, ""recoil"": 24, ""control"": 52, ""stable"": 61, ""hipShot"": 43, ""armorHarm"": 55, ""fireSpeed"": 500, ""capacity"": 20, ""fireMode"": ""全自动,单发"", ""muzzleVelocity"": 340, ""soundDistance"": 600, ""caliber"": ""ammo12.7x55"", ""ammo"": [{""objectID"": 37160500001}, {""objectID"": 37160400001}, {""objectID"": 37160400002}, {""objectID"": 37160300001}], ""accessory"": [{""slotID"": ""6""}, {""slotID"": ""2""}, {""slotID"": ""17""}, {""slotID"": ""19""}, {""slotID"": ""20""}, {""slotID"": ""11""}, {""slotID"": ""31""}, {""slotID"": ""8""}, {""slotID"": ""5""}, {""slotID"": ""3""}], ""allAccessory"": [{""slotID"": ""6""}, {""slotID"": ""2""}, {""slotID"": ""14""}, {""slotID"": ""17""}, {""slotID"": ""19""}, {""slotID"": ""20""}, {""slotID"": ""11""}, {""slotID"": ""40""}, {""slotID"": ""31""}, {""slotID"": ""41""}, {""slotID"": ""45""}, {""slotID"": ""50""}, {""slotID"": ""8""}, {""slotID"": ""5""}, {""slotID"": ""3""}]}"
K416突击步枪,gun,gunRifle,步枪,"{""meatHarm"": 29, ""shootDistance"": 27, ""recoil"": 44, ""control"": 61, ""stable"": 52, ""hipShot"": 57, ""armorHarm"": 32, ""fireSpeed"": 880, ""capacity"": 30, ""fireMode"": ""全自动,单发"", ""muzzleVelocity"": 575, ""soundDistance"": 500, ""caliber"": ""ammo5.56x45"", ""ammo"": [{""objectID"": 37100500001}, {""objectID"": 37100400001}, {""objectID"": 37100300001}, {""objectID"": 37100200001}, {""objectID"": 37100100001}], ""accessory"": [{""slotID"": ""6""}, {""slotID"": ""2""}, {""slotID"": ""17""}, {""slotID"": ""19""}, {""slotID"": ""20""}, {""slotID"": ""32""}, {""slotID"": ""34""}, {""slotID"": ""35""}, {""slotID"": ""11""}, {""slotID"": ""31""}, {""slotID"": ""8""}, {""slotID"": ""5""}, {""slotID"": ""44""}, {""slotID"": ""3""}, {""slotID"": ""38""}, {""slotID"": ""1""}], ""allAccessory"": [{""slotID"": ""6""}, {""slotID"": ""2""}, {""slotID"": ""10""}, {""slotID"": ""14""}, {""slotID"": ""17""}, {""slotID"": ""19""}, {""slotID"": ""20""}, {""slotID"": ""32""}, {""slotID"": ""34""}, {""slotID"": ""35""}, {""slotID"": ""4""}, {""slotID"": ""11""}, {""slotID"": ""40""}, {""slotID"": ""31""}, {""slotID"": ""41""}, {""slotID"": ""45""}, {""slotID"": ""50""}, {""slotID"": ""8""}, {""slotID"": ""5""}, {""slotID"": ""44""}, {""slotID"": ""3""}, {""slotID"": ""38""}, {""slotID"": ""1""}, {""slotID"": ""43""}, {""slotID"": ""30""}]}"
M16A4突击步枪,gun,gunRifle,步枪,"{""meatHarm"": 33, ""shootDistance"": 55, ""recoil"": 40, ""control"": 56, ""stable"": 57, ""hipShot"": 54, ""armorHarm"": 39, ""fireSpeed"": 672, ""capacity"": 20, ""fireMode"": ""连发,单发"", ""muzzleVelocity"": 575, ""soundDistance"": 500, ""caliber"": ""ammo5.56x45"", ""ammo"": [{""objectID"": 37100500001}, {""objectID"": 37100400001}, {""objectID"": 37100300001}, {""objectID"": 37100200001}, {""objectID"": 37100100001}], ""accessory"": [{""slotID"": ""6""}, {""slotID"": ""2""}, {""slotID"": ""18""}, {""slotID"": ""11""}, {""slotID"": ""31""}, {""slotID"": ""5""}, {""slotID"": ""44""}, {""slotID"": ""3""}, {""slotID"": ""38""}, {""slotID"": ""1""}], ""allAccessory"": [{""slotID"": ""6""}, {""slotID"": ""2""}, {""slotID"": ""10""}, {""slotID"": ""14""}, {""slotID"": ""17""}, {""slotID"": ""18""}, {""slotID"": ""19""}, {""slotID"": ""20""}, {""slotID"": ""32""}, {""slotID"": ""34""}, {""slotID"": ""35""}, {""slotID"": ""4""}, {""slotID"": ""11""}, {""slotID"": ""40""}, {""slotID"": ""31""}, {""slotID"": ""41""}, {""slotID"": ""50""}, {""slotID"": ""45""}, {""slotID"": ""8""}, {""slotID"": ""5""}, {""slotID"": ""44""}, {""slotID"": ""3""}, {""slotID"": ""38""}, {""slotID"": ""1""}, {""slotID"": ""43""}, {""slotID"": ""30""}]}"
AUG突击步枪,gun,gunRifle,步枪,"{""meatHarm"": 29, ""shootDistance"": 55, ""recoil"": 60, ""control"": 54, ""stable"": 59, ""hipShot"": 53, ""armorHarm"": 35, ""fireSpeed"": 679, ""capacity"": 30, ""fireMode"": ""全自动,单发"", ""muzzleVelocity"": 575, ""soundDistance"": 500, ""caliber"": ""ammo5.56x45"", ""ammo"": [{""objectID"": 37100500001}, {""objectID"": 37100400001}, {""objectID"": 37100300001}, {""objectID"": 37100200001}, {""objectID"": 37100100001}], ""accessory"": [{""slotID"": ""6""}, {""slotID"": ""2""}, {""slotID"": ""20""}, {""slotID"": ""11""}, {""slotID"": ""31""}, {""slotID"": ""8""}, {""slotID"": ""5""}, {""slotID"": ""44""}, {""slotID"": ""3""}, {""slotID"": ""29""}], ""allAccessory"": [{""slotID"": ""6""}, {""slotID"": ""2""}, {""slotID"": ""36""}, {""slotID"": ""14""}, {""slotID"": ""17""}, {""slotID"": ""19""}, {""slotID"": ""20""}, {""slotID"": ""35""}, {""slotID"": ""4""}, {""slotID"": ""11""}, {""slotID"": ""40""}, {""slotID"": ""31""}, {""slotID"": ""41""}, {""slotID"": ""45""}, {""slotID"": ""50""}, {""slotID"": ""8""}, {""slotID"": ""5""}, {""slotID"": ""44""}, {""slotID"": ""3""}, {""slotID"": ""29""}]}"
M7战斗步枪,gun,gunRifle,步枪,"{""meatHarm"": 40, ""shootDistance"": 55, ""recoil"": 34, ""control"": 55, ""stable"": 58, ""hipShot"": 47, ""armorHarm"": 42, ""fireSpeed"": 649, ""capacity"": 20, ""fireMode"": ""全自动,单发"", ""muzzleVelocity"": 630, ""soundDistance"": 600, ""caliber"": ""ammo6.8x51"", ""ammo"": [{""objectID"": 37150600001}, {""objectID"": 37150500001}, {""objectID"": 37150400001}], ""accessory"": [{""slotID"": ""6""}, {""slotID"": ""2""}, {""slotID"": ""10""}, {""slotID"": ""17""}, {""slotID"": ""19""}, {""slotID"": ""20""}, {""slotID"": ""34""}, {""slotID"": ""35""}, {""slotID"": ""11""}, {""slotID"": ""31""}, {""slotID"": ""8""}, {""slotID"": ""5""}, {""slotID"": ""44""}, {""slotID"": ""3""}, {""slotID"": ""1""}], ""allAccessory"": [{""slotID"": ""6""}, {""slotID"": ""2""}, {""slotID"": ""10""}, {""slotID"": ""14""}, {""slotID"": ""17""}, {""slotID"": ""19""}, {""slotID"": ""20""}, {""slotID"": ""32""}, {""slotID"": ""34""}, {""slotID"": ""35""}, {""slotID"": ""4""}, {""slotID"": ""11""}, {""slotID"": ""40""}, {""slotID"": ""31""}, {""slotID"": ""41""}, {""slotID"": ""45""}, {""slotID"": ""50""}, {""slotID"": ""8""}, {""slotID"": ""5""}, {""slotID"": ""44""}, {""slotID"": ""3""}, {""slotID"": ""1""}, {""slotID"": ""43""}, {""slotID"": ""30""}]}"
SG552突击步枪,gun,gunRifle,步枪,"{""meatHarm"": 22, ""shootDistance"": 55, ""recoil"": 46, ""control"": 61, ""stable"": 52, ""hipShot"": 53, ""armorHarm"": 30, ""fireSpeed"": 906, ""capacity"": 20, ""fireMode"": ""单发,全自动,连发"", ""muzzleVelocity"": 575, ""soundDistance"": 500, ""caliber"": ""ammo5.56x45"", ""ammo"": [{""objectID"": 37100500001}, {""objectID"": 37100400001}, {""objectID"": 37100300001}, {""objectID"": 37100200001}, {""objectID"": 37100100001}], ""accessory"": [{""slotID"": ""6""}, {""slotID"": ""2""}, {""slotID"": ""20""}, {""slotID"": ""31""}, {""slotID"": ""8""}, {""slotID"": ""5""}, {""slotID"": ""44""}, {""slotID"": ""3""}, {""slotID"": ""1""}], ""allAccessory"": [{""slotID"": ""6""}, {""slotID"": ""2""}, {""slotID"": ""10""}, {""slotID"": ""14""}, {""slotID"": ""17""}, {""slotID"": ""19""}, {""slotID"": ""20""}, {""slotID"": ""32""}, {""slotID"": ""34""}, {""slotID"": ""35""}, {""slotID"": ""4""}, {""slotID"": ""11""}, {""slotID"": ""40""}, {""slotID"": ""31""}, {""slotID"": ""41""}, {""slotID"": ""45""}, {""slotID"": ""50""}, {""slotID"": ""8""}, {""slotID"": ""5""}, {""slotID"": ""44""}, {""slotID"": ""3""}, {""slotID"": ""1""}, {""slotID"": ""43""}, {""slotID"": ""30""}]}"
AK-12突击步枪,gun,gunRifle,步枪,"{""meatHarm"": 27, ""shootDistance"": 40, ""recoil"": 48, ""control"": 57, ""stable"": 56, ""hipShot"": 54, ""armorHarm"": 41, ""fireSpeed"": 735, ""capacity"": 30, ""fireMode"": ""单发,全自动,连发"", ""muzzleVelocity"": 575, ""soundDistance"": 500, ""caliber"": ""ammo5.45x39"", ""ammo"": [{""objectID"": 37120500001}, {""objectID"": 37120400001}, {""objectID"": 37120400002}, {""objectID"": 37120300001}, {""objectID"": 37120200001}, {""objectID"": 37120100001}], ""accessory"": [{""slotID"": ""6""}, {""slotID"": ""2""}, {""slotID"": ""17""}, {""slotID"": ""19""}, {""slotID"": ""20""}, {""slotID"": ""11""}, {""slotID"": ""31""}, {""slotID"": ""8""}, {""slotID"": ""5""}, {""slotID"": ""44""}, {""slotID"": ""3""}, {""slotID"": ""1""}, {""slotID"": ""54""}], ""allAccessory"": [{""slotID"": ""6""}, {""slotID"": ""2""}, {""slotID"": ""10""}, {""slotID"": ""36""}, {""slotID"": ""14""}, {""slotID"": ""17""}, {""slotID"": ""19""}, {""slotID"": ""20""}, {""slotID"": ""32""}, {""slotID"": ""34""}, {""slotID"": ""35""}, {""slotID"": ""4""}, {""slotID"": ""11""}, {""slotID"": ""40""}, {""slotID"": ""31""}, {""slotID"": ""41""}, {""slotID"": ""50""}, {""slotID"": ""45""}, {""slotID"": ""8""}, {""slotID"": ""5""}, {""slotID"": ""44""}, {""slotID"": ""3""}, {""slotID"": ""28""}, {""slotID"": ""1""}, {""slotID"": ""43""}, {""slotID"": ""54""}]}"
SCAR-H战斗步枪,gun,gunRifle,步枪,"{""meatHarm"": 40, ""shootDistance"": 40, ""recoil"": 40, ""control"": 58, ""stable"": 55, ""hipShot"": 45, ""armorHarm"": 38, ""fireSpeed"": 585, ""capacity"": 20, ""fireMode"": ""单发,全自动"", ""muzzleVelocity"": 630, ""soundDistance"": 600, ""caliber"": ""ammo7.62x51"", ""ammo"": [{""objectID"": 37170600001}, {""objectID"": 37170500001}, {""objectID"": 37170400001}, {""objectID"": 37170300001}, {""objectID"": 37170200001}], ""accessory"": [{""slotID"": ""6""}, {""slotID"": ""2""}, {""slotID"": ""17""}, {""slotID"": ""19""}, {""slotID"": ""20""}, {""slotID"": ""11""}, {""slotID"": ""31""}, {""slotID"": ""8""}, {""slotID"": ""5""}, {""slotID"": ""44""}, {""slotID"": ""3""}, {""slotID"": ""1""}], ""allAccessory"": [{""slotID"": ""6""}, {""slotID"": ""2""}, {""slotID"": ""10""}, {""slotID"": ""14""}, {""slotID"": ""17""}, {""slotID"": ""19""}, {""slotID"": ""20""}, {""slotID"": ""32""}, {""slotID"": ""34""}, {""slotID"": ""35""}, {""slotID"": ""4""}, {""slotID"": ""11""}, {""slotID"": ""40""}, {""slotID"": ""31""}, {""slotID"": ""41""}, {""slotID"": ""45""}, {""slotID"": ""50""}, {""slotID"": ""8""}, {""slotID"": ""5""}, {""slotID"": ""44""}, {""slotID"": ""3""}, {""slotID"": ""1""}, {""slotID"": ""43""}, {""slotID"": ""30""}]}"
G3战斗步枪,gun,gunRifle,步枪,"{""meatHarm"": 39, ""shootDistance"": 55, ""recoil"": 32, ""control"": 51, ""stable"": 62, ""hipShot"": 45, ""armorHarm"": 42, ""fireSpeed"": 533, ""capacity"": 20, ""fireMode"": ""单发,全自动"", ""muzzleVelocity"": 630, ""soundDistance"": 600, ""caliber"": ""mmo7.62x51"", ""accessory"": [{""slotID"": ""6""}, {""slotID"": ""2""}, {""slotID"": ""10""}, {""slotID"": ""20""}, {""slotID"": ""4""}, {""slotID"": ""11""}, {""slotID"": ""31""}, {""slotID"": ""8""}, {""slotID"": ""5""}, {""slotID"": ""3""}, {""slotID"": ""1""}], ""allAccessory"": [{""slotID"": ""6""}, {""slotID"": ""2""}, {""slotID"": ""10""}, {""slotID"": ""14""}, {""slotID"": ""17""}, {""slotID"": ""19""}, {""slotID"": ""20""}, {""slotID"": ""34""}, {""slotID"": ""35""}, {""slotID"": ""4""}, {""slotID"": ""11""}, {""slotID"": ""40""}, {""slotID"": ""31""}, {""slotID"": ""41""}, {""slotID"": ""50""}, {""slotID"": ""45""}, {""slotID"": ""8""}, {""slotID"": ""5""}, {""slotID"": ""44""}, {""slotID"": ""3""}, {""slotID"": ""1""}, {""slotID"": ""43""}, {""slotID"": ""30""}]}"
PTR-32突击步枪,gun,gunRifle,步枪,"{""meatHarm"": 34, ""shootDistance"": 40, ""recoil"": 32, ""control"": 56, ""stable"": 57, ""hipShot"": 45, ""armorHarm"": 36, ""fireSpeed"": 632, ""capacity"": 30, ""fireMode"": ""单发,全自动"", ""muzzleVelocity"": 630, ""soundDistance"": 600, ""caliber"": ""ammo7.62x39"", ""ammo"": [{""objectID"": 37110500001}, {""objectID"": 37110400001}, {""objectID"": 37110300001}, {""objectID"": 37110200001}, {""objectID"": 37110100001}], ""accessory"": [{""slotID"": ""6""}, {""slotID"": ""2""}, {""slotID"": ""20""}, {""slotID"": ""4""}, {""slotID"": ""11""}, {""slotID"": ""31""}, {""slotID"": ""8""}, {""slotID"": ""5""}, {""slotID"": ""3""}, {""slotID"": ""1""}], ""allAccessory"": [{""slotID"": ""6""}, {""slotID"": ""2""}, {""slotID"": ""10""}, {""slotID"": ""14""}, {""slotID"": ""17""}, {""slotID"": ""19""}, {""slotID"": ""20""}, {""slotID"": ""34""}, {""slotID"": ""35""}, {""slotID"": ""4""}, {""slotID"": ""11""}, {""slotID"": ""40""}, {""slotID"": ""31""}, {""slotID"": ""41""}, {""slotID"": ""50""}, {""slotID"": ""45""}, {""slotID"": ""8""}, {""slotID"": ""5""}, {""slotID"": ""44""}, {""slotID"": ""3""}, {""slotID"": ""1""}, {""slotID"": ""43""}, {""slotID"": ""30""}, {""slotID"": ""30""}]}"
CAR-15突击步枪,gun,gunRifle,步枪,"{""meatHarm"": 27, ""shootDistance"": 40, ""recoil"": 50, ""control"": 58, ""stable"": 55, ""hipShot"": 53, ""armorHarm"": 32, ""fireSpeed"": 632, ""capacity"": 20, ""fireMode"": ""全自动,单发"", ""muzzleVelocity"": 575, ""soundDistance"": 500, ""caliber"": ""ammo5.56x45"", ""ammo"": [{""objectID"": 37100500001}, {""objectID"": 37100400001}, {""objectID"": 37100300001}, {""objectID"": 37100200001}, {""objectID"": 37100100001}], ""accessory"": [{""slotID"": ""6""}, {""slotID"": ""2""}, {""slotID"": ""18""}, {""slotID"": ""20""}, {""slotID"": ""11""}, {""slotID"": ""5""}, {""slotID"": ""3""}, {""slotID"": ""38""}, {""slotID"": ""1""}, {""slotID"": ""21""}], ""allAccessory"": [{""slotID"": ""6""}, {""slotID"": ""2""}, {""slotID"": ""10""}, {""slotID"": ""14""}, {""slotID"": ""17""}, {""slotID"": ""18""}, {""slotID"": ""19""}, {""slotID"": ""20""}, {""slotID"": ""32""}, {""slotID"": ""34""}, {""slotID"": ""35""}, {""slotID"": ""4""}, {""slotID"": ""11""}, {""slotID"": ""40""}, {""slotID"": ""41""}, {""slotID"": ""45""}, {""slotID"": ""50""}, {""slotID"": ""8""}, {""slotID"": ""5""}, {""slotID"": ""44""}, {""slotID"": ""3""}, {""slotID"": ""38""}, {""slotID"": ""1""}, {""slotID"": ""43""}, {""slotID"": ""30""}]}"
AS Val突击步枪,gun,gunRifle,步枪,"{""meatHarm"": 29, ""shootDistance"": 27, ""recoil"": 43, ""control"": 62, ""stable"": 51, ""hipShot"": 57, ""armorHarm"": 48, ""fireSpeed"": 972, ""capacity"": 15, ""fireMode"": ""全自动,单发"", ""muzzleVelocity"": 330, ""soundDistance"": 100, ""caliber"": ""ammo9x39"", ""ammo"": [{""objectID"": 37140500001}, {""objectID"": 37140400001}, {""objectID"": 37140300001}], ""accessory"": [{""slotID"": ""2""}, {""slotID"": ""19""}, {""slotID"": ""20""}, {""slotID"": ""11""}, {""slotID"": ""31""}, {""slotID"": ""8""}, {""slotID"": ""5""}, {""slotID"": ""44""}, {""slotID"": ""3""}, {""slotID"": ""1""}], ""allAccessory"": [{""slotID"": ""2""}, {""slotID"": ""10""}, {""slotID"": ""14""}, {""slotID"": ""17""}, {""slotID"": ""19""}, {""slotID"": ""20""}, {""slotID"": ""11""}, {""slotID"": ""40""}, {""slotID"": ""31""}, {""slotID"": ""41""}, {""slotID"": ""50""}, {""slotID"": ""45""}, {""slotID"": ""8""}, {""slotID"": ""5""}, {""slotID"": ""44""}, {""slotID"": ""3""}, {""slotID"": ""1""}, {""slotID"": ""43""}, {""slotID"": ""22""}, {""slotID"": ""54""}]}"
腾龙突击步枪,gun,gunRifle,步枪,"{""meatHarm"": 35, ""shootDistance"": 35, ""recoil"": 42, ""control"": 60, ""stable"": 50, ""hipShot"": 56, ""armorHarm"": 38, ""fireSpeed"": 706, ""capacity"": 30, ""fireMode"": ""全自动,单发"", ""muzzleVelocity"": 550, ""soundDistance"": 500, ""caliber"": ""ammo5.8x42"", ""ammo"": [{""objectID"": 37130500001}, {""objectID"": 37130400001}, {""objectID"": 37130300001}, {""objectID"": 37130200001}], ""accessory"": [{""slotID"": ""6""}, {""slotID"": ""2""}, {""slotID"": ""17""}, {""slotID"": ""19""}, {""slotID"": ""20""}, {""slotID"": ""11""}, {""slotID"": ""31""}, {""slotID"": ""8""}, {""slotID"": ""5""}, {""slotID"": ""44""}, {""slotID"": ""3""}, {""slotID"": ""1""}, {""slotID"": ""47""}], ""allAccessory"": [{""slotID"": ""6""}, {""slotID"": ""2""}, {""slotID"": ""10""}, {""slotID"": ""36""}, {""slotID"": ""14""}, {""slotID"": ""17""}, {""slotID"": ""19""}, {""slotID"": ""20""}, {""slotID"": ""32""}, {""slotID"": ""34""}, {""slotID"": ""35""}, {""slotID"": ""4""}, {""slotID"": ""11""}, {""slotID"": ""40""}, {""slotID"": ""31""}, {""slotID"": ""41""}, {""slotID"": ""50""}, {""slotID"": ""45""}, {""slotID"": ""8""}, {""slotID"": ""5""}, {""slotID"": ""44""}, {""slotID"": ""3""}, {""slotID"": ""28""}, {""slotID"": ""1""}, {""slotID"": ""43""}, {""slotID"": ""47""}]}"
K437突击步枪,gun,gunRifle,步枪,"{""meatHarm"": 34, ""shootDistance"": 35, ""recoil"": 45, ""control"": 48, ""stable"": 53, ""hipShot"": 49, ""armorHarm"": 35, ""fireSpeed"": 780, ""capacity"": 30, ""fireMode"": ""单发/全自动"", ""muzzleVelocity"": 575, ""soundDistance"": 500, ""caliber"": ""ammo7.62x35"", ""ammo"": [{""objectID"": 37280500001}, {""objectID"": 37280400001}, {""objectID"": 37280300001}], ""accessory"": [{""slotID"": ""6""}, {""slotID"": ""2""}, {""slotID"": ""17""}, {""slotID"": ""19""}, {""slotID"": ""20""}, {""slotID"": ""11""}, {""slotID"": ""31""}, {""slotID"": ""8""}, {""slotID"": ""5""}, {""slotID"": ""44""}, {""slotID"": ""3""}, {""slotID"": ""1""}], ""allAccessory"": [{""slotID"": ""6""}, {""slotID"": ""2""}, {""slotID"": ""10""}, {""slotID"": ""14""}, {""slotID"": ""17""}, {""slotID"": ""19""}, {""slotID"": ""20""}, {""slotID"": ""34""}, {""slotID"": ""35""}, {""slotID"": ""4""}, {""slotID"": ""11""}, {""slotID"": ""40""}, {""slotID"": ""31""}, {""slotID"": ""41""}, {""slotID"": ""50""}, {""slotID"": ""45""}, {""slotID"": ""8""}, {""slotID"": ""5""}, {""slotID"": ""44""}, {""slotID"": ""3""}, {""slotID"": ""1""}, {""slotID"": ""43""}, {""slotID"": ""30""}]}"
KC17突击步枪,gun,gunRifle,步枪,"{""meatHarm"": 30, ""shootDistance"": 55, ""recoil"": 53, ""control"": 50, ""stable"": 48, ""hipShot"": 45, ""armorHarm"": 48, ""fireSpeed"": 740, ""capacity"": 30, ""fireMode"": ""单发/全自动"", ""muzzleVelocity"": 575, ""soundDistance"": 500, ""caliber"": ""ammo5.45x39"", ""ammo"": [{""objectID"": 37120500001}, {""objectID"": 37120400001}, {""objectID"": 37120400002}, {""objectID"": 37120300001}, {""objectID"": 37120200001}, {""objectID"": 37120100001}], ""accessory"": [{""slotID"": ""6""}, {""slotID"": ""2""}, {""slotID"": ""17""}, {""slotID"": ""19""}, {""slotID"": ""20""}, {""slotID"": ""34""}, {""slotID"": ""35""}, {""slotID"": ""11""}, {""slotID"": ""31""}, {""slotID"": ""8""}, {""slotID"": ""5""}, {""slotID"": ""44""}, {""slotID"": ""3""}, {""slotID"": ""1""}], ""allAccessory"": [{""slotID"": ""6""}, {""slotID"": ""2""}, {""slotID"": ""10""}, {""slotID"": ""36""}, {""slotID"": ""14""}, {""slotID"": ""17""}, {""slotID"": ""19""}, {""slotID"": ""20""}, {""slotID"": ""32""}, {""slotID"": ""34""}, {""slotID"": ""35""}, {""slotID"": ""4""}, {""slotID"": ""11""}, {""slotID"": ""40""}, {""slotID"": ""31""}, {""slotID"": ""41""}, {""slotID"": ""50""}, {""slotID"": ""45""}, {""slotID"": ""8""}, {""slotID"": ""5""}, {""slotID"": ""44""}, {""slotID"": ""3""}, {""slotID"": ""28""}, {""slotID"": ""1""}, {""slotID"": ""43""}, {""slotID"": ""30""}, {""slotID"": ""54""}]}"
MP5冲锋枪,gun,gunSMG,冲锋枪,"{""meatHarm"": 30, ""shootDistance"": 20, ""recoil"": 53, ""control"": 66, ""stable"": 45, ""hipShot"": 68, ""armorHarm"": 32, ""fireSpeed"": 820, ""capacity"": 30, ""fireMode"": ""全自动,单发,连发"", ""muzzleVelocity"": 450, ""soundDistance"": 300, ""caliber"": ""ammo9x19"", ""ammo"": [{""objectID"": 37200400001}, {""objectID"": 37200000001}, {""objectID"": 37200300001}, {""objectID"": 37200200001}, {""objectID"": 37200100001}], ""accessory"": [{""slotID"": ""6""}, {""slotID"": ""2""}, {""slotID"": ""4""}, {""slotID"": ""11""}, {""slotID"": ""31""}, {""slotID"": ""8""}, {""slotID"": ""5""}, {""slotID"": ""3""}], ""allAccessory"": [{""slotID"": ""6""}, {""slotID"": ""2""}, {""slotID"": ""14""}, {""slotID"": ""17""}, {""slotID"": ""19""}, {""slotID"": ""20""}, {""slotID"": ""4""}, {""slotID"": ""11""}, {""slotID"": ""40""}, {""slotID"": ""31""}, {""slotID"": ""41""}, {""slotID"": ""45""}, {""slotID"": ""50""}, {""slotID"": ""8""}, {""slotID"": ""5""}, {""slotID"": ""44""}, {""slotID"": ""3""}]}"
P90冲锋枪,gun,gunSMG,冲锋枪,"{""meatHarm"": 32, ""shootDistance"": 20, ""recoil"": 48, ""control"": 56, ""stable"": 45, ""hipShot"": 60, ""armorHarm"": 35, ""fireSpeed"": 898, ""capacity"": 50, ""fireMode"": ""单发,全自动"", ""muzzleVelocity"": 450, ""soundDistance"": 300, ""caliber"": ""ammo5.7x28"", ""ammo"": [{""objectID"": 37210500001}, {""objectID"": 37210400001}, {""objectID"": 37210000001}, {""objectID"": 37210300001}, {""objectID"": 37210200001}, {""objectID"": 37210100001}], ""accessory"": [{""slotID"": ""6""}, {""slotID"": ""2""}, {""slotID"": ""20""}, {""slotID"": ""11""}, {""slotID"": ""31""}, {""slotID"": ""8""}, {""slotID"": ""3""}, {""slotID"": ""29""}], ""allAccessory"": [{""slotID"": ""6""}, {""slotID"": ""2""}, {""slotID"": ""14""}, {""slotID"": ""19""}, {""slotID"": ""20""}, {""slotID"": ""4""}, {""slotID"": ""11""}, {""slotID"": ""40""}, {""slotID"": ""31""}, {""slotID"": ""41""}, {""slotID"": ""50""}, {""slotID"": ""45""}, {""slotID"": ""8""}, {""slotID"": ""5""}, {""slotID"": ""3""}, {""slotID"": ""29""}]}"
Vector冲锋枪,gun,gunSMG,冲锋枪,"{""meatHarm"": 32, ""shootDistance"": 20, ""recoil"": 38, ""control"": 69, ""stable"": 42, ""hipShot"": 52, ""armorHarm"": 28, ""fireSpeed"": 1091, ""capacity"": 17, ""fireMode"": ""全自动,单发,连发"", ""muzzleVelocity"": 500, ""soundDistance"": 300, ""caliber"": ""ammo.45"", ""ammo"": [{""objectID"": 37190500001}, {""objectID"": 37190400001}, {""objectID"": 37190000001}, {""objectID"": 37190300001}, {""objectID"": 37190200001}, {""objectID"": 37190100001}], ""accessory"": [{""slotID"": ""6""}, {""slotID"": ""2""}, {""slotID"": ""19""}, {""slotID"": ""20""}, {""slotID"": ""4""}, {""slotID"": ""11""}, {""slotID"": ""31""}, {""slotID"": ""5""}, {""slotID"": ""3""}, {""slotID"": ""28""}, {""slotID"": ""1""}], ""allAccessory"": [{""slotID"": ""6""}, {""slotID"": ""2""}, {""slotID"": ""10""}, {""slotID"": ""14""}, {""slotID"": ""17""}, {""slotID"": ""19""}, {""slotID"": ""20""}, {""slotID"": ""32""}, {""slotID"": ""4""}, {""slotID"": ""11""}, {""slotID"": ""40""}, {""slotID"": ""31""}, {""slotID"": ""41""}, {""slotID"": ""45""}, {""slotID"": ""50""}, {""slotID"": ""8""}, {""slotID"": ""5""}, {""slotID"": ""44""}, {""slotID"": ""3""}]}"
UZI冲锋枪,gun,gunSMG,冲锋枪,"{""meatHarm"": 28, ""shootDistance"": 20, ""recoil"": 50, ""control"": 68, ""stable"": 43, ""hipShot"": 66, ""armorHarm"": 35, ""fireSpeed"": 780, ""capacity"": 25, ""fireMode"": ""全自动,单发"", ""muzzleVelocity"": 450, ""soundDistance"": 300, ""caliber"": ""ammo9x19"", ""ammo"": [{""objectID"": 37200400001}, {""objectID"": 37200000001}, {""objectID"": 37200300001}, {""objectID"": 37200200001}, {""objectID"": 37200100001}], ""accessory"": [{""slotID"": ""6""}, {""slotID"": ""2""}, {""slotID"": ""19""}, {""slotID"": ""20""}, {""slotID"": ""4""}, {""slotID"": ""11""}, {""slotID"": ""8""}, {""slotID"": ""5""}, {""slotID"": ""44""}, {""slotID"": ""3""}], ""allAccessory"": [{""slotID"": ""6""}, {""slotID"": ""2""}, {""slotID"": ""14""}, {""slotID"": ""19""}, {""slotID"": ""20""}, {""slotID"": ""4""}, {""slotID"": ""11""}, {""slotID"": ""40""}, {""slotID"": ""41""}, {""slotID"": ""45""}, {""slotID"": ""50""}, {""slotID"": ""8""}, {""slotID"": ""5""}, {""slotID"": ""44""}, {""slotID"": ""3""}]}"
野牛冲锋枪,gun,gunSMG,冲锋枪,"{""meatHarm"": 32, ""shootDistance"": 20, ""recoil"": 43, ""control"": 62, ""stable"": 49, ""hipShot"": 63, ""armorHarm"": 35, ""fireSpeed"": 659, ""capacity"": 32, ""fireMode"": ""全自动,单发"", ""muzzleVelocity"": 500, ""soundDistance"": 300, ""caliber"": ""ammo9x19"", ""ammo"": [{""objectID"": 37200400001}, {""objectID"": 37200000001}, {""objectID"": 37200300001}, {""objectID"": 37200200001}, {""objectID"": 37200100001}], ""accessory"": [{""slotID"": ""6""}, {""slotID"": ""2""}, {""slotID"": ""19""}, {""slotID"": ""20""}, {""slotID"": ""4""}, {""slotID"": ""11""}, {""slotID"": ""31""}, {""slotID"": ""5""}, {""slotID"": ""3""}, {""slotID"": ""28""}, {""slotID"": ""1""}], ""allAccessory"": [{""slotID"": ""6""}, {""slotID"": ""2""}, {""slotID"": ""14""}, {""slotID"": ""19""}, {""slotID"": ""20""}, {""slotID"": ""4""}, {""slotID"": ""11""}, {""slotID"": ""40""}, {""slotID"": ""31""}, {""slotID"": ""41""}, {""slotID"": ""45""}, {""slotID"": ""50""}, {""slotID"": ""5""}, {""slotID"": ""3""}, {""slotID"": ""28""}, {""slotID"": ""1""}, {""slotID"": ""43""}, {""slotID"": ""54""}]}"
SMG-45冲锋枪,gun,gunSMG,冲锋枪,"{""meatHarm"": 35, ""shootDistance"": 27, ""recoil"": 52, ""control"": 70, ""stable"": 41, ""hipShot"": 65, ""armorHarm"": 40, ""fireSpeed"": 605, ""capacity"": 25, ""fireMode"": ""全自动,单发"", ""muzzleVelocity"": 500, ""soundDistance"": 300, ""caliber"": ""ammo.45"", ""ammo"": [{""objectID"": 37190500001}, {""objectID"": 37190400001}, {""objectID"": 37190000001}, {""objectID"": 37190300001}, {""objectID"": 37190200001}, {""objectID"": 37190100001}], ""accessory"": [{""slotID"": ""6""}, {""slotID"": ""2""}, {""slotID"": ""17""}, {""slotID"": ""19""}, {""slotID"": ""20""}, {""slotID"": ""11""}, {""slotID"": ""31""}, {""slotID"": ""8""}, {""slotID"": ""5""}, {""slotID"": ""44""}, {""slotID"": ""3""}, {""slotID"": ""1""}], ""allAccessory"": [{""slotID"": ""6""}, {""slotID"": ""2""}, {""slotID"": ""14""}, {""slotID"": ""17""}, {""slotID"": ""19""}, {""slotID"": ""20""}, {""slotID"": ""4""}, {""slotID"": ""11""}, {""slotID"": ""40""}, {""slotID"": ""31""}, {""slotID"": ""41""}, {""slotID"": ""45""}, {""slotID"": ""50""}, {""slotID"": ""8""}, {""slotID"": ""5""}, {""slotID"": ""44""}, {""slotID"": ""3""}, {""slotID"": ""1""}, {""slotID"": ""43""}, {""slotID"": ""30""}]}"
SR-3M紧凑突击步枪,gun,gunSMG,冲锋枪,"{""meatHarm"": 36, ""shootDistance"": 19, ""recoil"": 45, ""control"": 68, ""stable"": 43, ""hipShot"": 68, ""armorHarm"": 48, ""fireSpeed"": 747, ""capacity"": 15, ""fireMode"": ""全自动,单发"", ""muzzleVelocity"": 330, ""soundDistance"": 300, ""caliber"": ""ammo9x39"", ""ammo"": [{""objectID"": 37140500001}, {""objectID"": 37140400001}, {""objectID"": 37140300001}], ""accessory"": [{""slotID"": ""6""}, {""slotID"": ""19""}, {""slotID"": ""20""}, {""slotID"": ""11""}, {""slotID"": ""31""}, {""slotID"": ""5""}, {""slotID"": ""44""}, {""slotID"": ""3""}, {""slotID"": ""1""}], ""allAccessory"": [{""slotID"": ""6""}, {""slotID"": ""2""}, {""slotID"": ""14""}, {""slotID"": ""19""}, {""slotID"": ""20""}, {""slotID"": ""11""}, {""slotID"": ""40""}, {""slotID"": ""31""}, {""slotID"": ""41""}, {""slotID"": ""45""}, {""slotID"": ""50""}, {""slotID"": ""5""}, {""slotID"": ""44""}, {""slotID"": ""3""}, {""slotID"": ""1""}, {""slotID"": ""43""}, {""slotID"": ""54""}]}"
勇士冲锋枪,gun,gunSMG,冲锋枪,"{""meatHarm"": 36, ""shootDistance"": 20, ""recoil"": 40, ""control"": 63, ""stable"": 48, ""hipShot"": 48, ""armorHarm"": 35, ""fireSpeed"": 700, ""capacity"": 30, ""fireMode"": ""单发,全自动"", ""muzzleVelocity"": 500, ""soundDistance"": 300, ""caliber"": ""ammo9x19"", ""ammo"": [{""objectID"": 37200400001}, {""objectID"": 37200000001}, {""objectID"": 37200300001}, {""objectID"": 37200200001}, {""objectID"": 37200100001}], ""accessory"": [{""slotID"": ""6""}, {""slotID"": ""2""}, {""slotID"": ""20""}, {""slotID"": ""11""}, {""slotID"": ""31""}, {""slotID"": ""8""}, {""slotID"": ""5""}, {""slotID"": ""44""}, {""slotID"": ""3""}, {""slotID"": ""28""}, {""slotID"": ""1""}], ""allAccessory"": [{""slotID"": ""6""}, {""slotID"": ""2""}, {""slotID"": ""14""}, {""slotID"": ""17""}, {""slotID"": ""19""}, {""slotID"": ""20""}, {""slotID"": ""34""}, {""slotID"": ""35""}, {""slotID"": ""4""}, {""slotID"": ""11""}, {""slotID"": ""40""}, {""slotID"": ""31""}, {""slotID"": ""41""}, {""slotID"": ""50""}, {""slotID"": ""45""}, {""slotID"": ""8""}, {""slotID"": ""5""}, {""slotID"": ""44""}, {""slotID"": ""3""}, {""slotID"": ""28""}, {""slotID"": ""1""}, {""slotID"": ""43""}, {""slotID"": ""54""}]}"
MP7冲锋枪,gun,gunSMG,冲锋枪,"{""meatHarm"": 29, ""shootDistance"": 20, ""recoil"": 55, ""control"": 67, ""stable"": 44, ""hipShot"": 60, ""armorHarm"": 27, ""fireSpeed"": 950, ""capacity"": 20, ""fireMode"": ""全自动,单发"", ""muzzleVelocity"": 450, ""soundDistance"": 300, ""caliber"": ""ammo4.6x30"", ""ammo"": [{""objectID"": 37260500001}, {""objectID"": 37260400001}, {""objectID"": 37260300001}], ""accessory"": [{""slotID"": ""6""}, {""slotID"": ""2""}, {""slotID"": ""19""}, {""slotID"": ""20""}, {""slotID"": ""11""}, {""slotID"": ""31""}, {""slotID"": ""8""}, {""slotID"": ""5""}, {""slotID"": ""3""}], ""allAccessory"": [{""slotID"": ""6""}, {""slotID"": ""2""}, {""slotID"": ""10""}, {""slotID"": ""14""}, {""slotID"": ""19""}, {""slotID"": ""20""}, {""slotID"": ""34""}, {""slotID"": ""35""}, {""slotID"": ""4""}, {""slotID"": ""11""}, {""slotID"": ""40""}, {""slotID"": ""31""}, {""slotID"": ""41""}, {""slotID"": ""45""}, {""slotID"": ""50""}, {""slotID"": ""8""}, {""slotID"": ""5""}, {""slotID"": ""44""}, {""slotID"": ""3""}, {""slotID"": ""1""}]}"
QCQ171冲锋枪,gun,gunSMG,冲锋枪,"{""meatHarm"": 36, ""shootDistance"": 20, ""recoil"": 47, ""control"": 55, ""stable"": 46, ""hipShot"": 58, ""armorHarm"": 33, ""fireSpeed"": 763, ""capacity"": 30, ""fireMode"": ""单发/全自动"", ""muzzleVelocity"": 450, ""soundDistance"": 300, ""caliber"": ""ammo9x19"", ""ammo"": [{""objectID"": 37200400001}, {""objectID"": 37200000001}, {""objectID"": 37200300001}, {""objectID"": 37200200001}, {""objectID"": 37200100001}], ""accessory"": [{""slotID"": ""6""}, {""slotID"": ""2""}, {""slotID"": ""17""}, {""slotID"": ""19""}, {""slotID"": ""20""}, {""slotID"": ""11""}, {""slotID"": ""31""}, {""slotID"": ""8""}, {""slotID"": ""5""}, {""slotID"": ""44""}, {""slotID"": ""3""}, {""slotID"": ""1""}, {""slotID"": ""48""}], ""allAccessory"": [{""slotID"": ""6""}, {""slotID"": ""2""}, {""slotID"": ""10""}, {""slotID"": ""36""}, {""slotID"": ""14""}, {""slotID"": ""17""}, {""slotID"": ""19""}, {""slotID"": ""20""}, {""slotID"": ""32""}, {""slotID"": ""34""}, {""slotID"": ""35""}, {""slotID"": ""4""}, {""slotID"": ""11""}, {""slotID"": ""40""}, {""slotID"": ""31""}, {""slotID"": ""41""}, {""slotID"": ""50""}, {""slotID"": ""45""}, {""slotID"": ""8""}, {""slotID"": ""5""}, {""slotID"": ""44""}, {""slotID"": ""3""}, {""slotID"": ""28""}, {""slotID"": ""1""}, {""slotID"": ""43""}, {""slotID"": ""52""}]}"
M1014霰弹枪,gun,gunShotgun,霰弹枪,"{""meatHarm"": 14, ""shootDistance"": 12, ""recoil"": 28, ""control"": 53, ""stable"": 45, ""hipShot"": 52, ""armorHarm"": 16, ""fireSpeed"": 261, ""capacity"": 7, ""fireMode"": ""单发"", ""muzzleVelocity"": 450, ""soundDistance"": 500, ""caliber"": ""ammo12"", ""ammo"": [{""objectID"": 37250400002}, {""objectID"": 37250400003}, {""objectID"": 37250400004}, {""objectID"": 37250000001}, {""objectID"": 37250300001}, {""objectID"": 37250300002}, {""objectID"": 37250000002}, {""objectID"": 37250200002}, {""objectID"": 37250100001}], ""accessory"": [{""slotID"": ""6""}, {""slotID"": ""2""}, {""slotID"": ""4""}, {""slotID"": ""11""}, {""slotID"": ""31""}, {""slotID"": ""8""}, {""slotID"": ""3""}], ""allAccessory"": [{""slotID"": ""6""}, {""slotID"": ""2""}, {""slotID"": ""14""}, {""slotID"": ""19""}, {""slotID"": ""20""}, {""slotID"": ""4""}, {""slotID"": ""11""}, {""slotID"": ""40""}, {""slotID"": ""31""}, {""slotID"": ""41""}, {""slotID"": ""50""}, {""slotID"": ""45""}, {""slotID"": ""8""}, {""slotID"": ""5""}, {""slotID"": ""3""}, {""slotID"": ""29""}]}"
S12K霰弹枪,gun,gunShotgun,霰弹枪,"{""meatHarm"": 13, ""shootDistance"": 10, ""recoil"": 36, ""control"": 49, ""stable"": 49, ""hipShot"": 48, ""armorHarm"": 16, ""fireSpeed"": 300, ""capacity"": 5, ""fireMode"": ""单发"", ""muzzleVelocity"": 300, ""soundDistance"": 500, ""caliber"": ""ammo12"", ""ammo"": [{""objectID"": 37250400002}, {""objectID"": 37250400003}, {""objectID"": 37250400004}, {""objectID"": 37250000001}, {""objectID"": 37250300001}, {""objectID"": 37250300002}, {""objectID"": 37250000002}, {""objectID"": 37250200002}, {""objectID"": 37250100001}], ""accessory"": [{""slotID"": ""6""}, {""slotID"": ""2""}, {""slotID"": ""20""}, {""slotID"": ""11""}, {""slotID"": ""31""}, {""slotID"": ""8""}, {""slotID"": ""5""}, {""slotID"": ""3""}, {""slotID"": ""28""}, {""slotID"": ""1""}], ""allAccessory"": [{""slotID"": ""6""}, {""slotID"": ""2""}, {""slotID"": ""10""}, {""slotID"": ""14""}, {""slotID"": ""17""}, {""slotID"": ""19""}, {""slotID"": ""20""}, {""slotID"": ""34""}, {""slotID"": ""35""}, {""slotID"": ""4""}, {""slotID"": ""11""}, {""slotID"": ""40""}, {""slotID"": ""31""}, {""slotID"": ""41""}, {""slotID"": ""45""}, {""slotID"": ""50""}, {""slotID"": ""8""}, {""slotID"": ""5""}, {""slotID"": ""3""}, {""slotID"": ""28""}, {""slotID"": ""1""}, {""slotID"": ""43""}]}"
M870霰弹枪,gun,gunShotgun,霰弹枪,"{""meatHarm"": 14, ""shootDistance"": 12, ""recoil"": 26, ""control"": 57, ""stable"": 41, ""hipShot"": 49, ""armorHarm"": 16, ""fireSpeed"": 74, ""capacity"": 6, ""fireMode"": ""单发"", ""muzzleVelocity"": 400, ""soundDistance"": 500, ""caliber"": ""ammo12"", ""ammo"": [{""objectID"": 37250400002}, {""objectID"": 37250400003}, {""objectID"": 37250400004}, {""objectID"": 37250000001}, {""objectID"": 37250300001}, {""objectID"": 37250300002}, {""objectID"": 37250000002}, {""objectID"": 37250200002}, {""objectID"": 37250100001}], ""accessory"": [{""slotID"": ""6""}, {""slotID"": ""2""}, {""slotID"": ""4""}, {""slotID"": ""11""}, {""slotID"": ""31""}, {""slotID"": ""3""}], ""allAccessory"": [{""slotID"": ""6""}, {""slotID"": ""2""}, {""slotID"": ""14""}, {""slotID"": ""19""}, {""slotID"": ""20""}, {""slotID"": ""4""}, {""slotID"": ""11""}, {""slotID"": ""40""}, {""slotID"": ""31""}, {""slotID"": ""41""}, {""slotID"": ""45""}, {""slotID"": ""50""}, {""slotID"": ""8""}, {""slotID"": ""5""}, {""slotID"": ""3""}]}"
725双管霰弹枪,gun,gunShotgun,霰弹枪,"{""meatHarm"": 17, ""shootDistance"": 12, ""recoil"": 25, ""control"": 50, ""stable"": 48, ""hipShot"": 47, ""armorHarm"": 18, ""fireSpeed"": 375, ""capacity"": 2, ""fireMode"": ""单发"", ""muzzleVelocity"": 400, ""soundDistance"": 500, ""caliber"": ""ammo12"", ""ammo"": [{""objectID"": 37250400002}, {""objectID"": 37250400003}, {""objectID"": 37250400004}, {""objectID"": 37250000001}, {""objectID"": 37250300001}, {""objectID"": 37250300002}, {""objectID"": 37250000002}, {""objectID"": 37250200002}, {""objectID"": 37250100001}], ""accessory"": [{""slotID"": ""6""}, {""slotID"": ""2""}, {""slotID"": ""11""}, {""slotID"": ""3""}], ""allAccessory"": [{""slotID"": ""6""}, {""slotID"": ""2""}, {""slotID"": ""14""}, {""slotID"": ""19""}, {""slotID"": ""20""}, {""slotID"": ""32""}, {""slotID"": ""34""}, {""slotID"": ""35""}, {""slotID"": ""11""}, {""slotID"": ""41""}, {""slotID"": ""45""}, {""slotID"": ""50""}, {""slotID"": ""8""}, {""slotID"": ""3""}]}"
PKM通用机枪,gun,gunLMG,轻机枪,"{""meatHarm"": 45, ""shootDistance"": 40, ""recoil"": 36, ""control"": 42, ""stable"": 59, ""hipShot"": 45, ""armorHarm"": 42, ""fireSpeed"": 669, ""capacity"": 75, ""fireMode"": ""全自动"", ""muzzleVelocity"": 630, ""soundDistance"": 600, ""caliber"": ""ammo7.62x54"", ""ammo"": [{""objectID"": 37180600001}, {""objectID"": 37180500001}, {""objectID"": 37180400001}, {""objectID"": 37180300001}], ""accessory"": [{""slotID"": ""6""}, {""slotID"": ""2""}, {""slotID"": ""10""}, {""slotID"": ""11""}, {""slotID"": ""5""}, {""slotID"": ""3""}, {""slotID"": ""1""}], ""allAccessory"": [{""slotID"": ""6""}, {""slotID"": ""2""}, {""slotID"": ""10""}, {""slotID"": ""14""}, {""slotID"": ""17""}, {""slotID"": ""19""}, {""slotID"": ""20""}, {""slotID"": ""4""}, {""slotID"": ""11""}, {""slotID"": ""40""}, {""slotID"": ""41""}, {""slotID"": ""45""}, {""slotID"": ""50""}, {""slotID"": ""8""}, {""slotID"": ""5""}, {""slotID"": ""3""}, {""slotID"": ""1""}, {""slotID"": ""43""}]}"
M249轻机枪,gun,gunLMG,轻机枪,"{""meatHarm"": 30, ""shootDistance"": 40, ""recoil"": 44, ""control"": 47, ""stable"": 55, ""hipShot"": 48, ""armorHarm"": 38, ""fireSpeed"": 858, ""capacity"": 100, ""fireMode"": ""全自动"", ""muzzleVelocity"": 575, ""soundDistance"": 600, ""caliber"": ""ammo5.56x45"", ""ammo"": [{""objectID"": 37100500001}, {""objectID"": 37100400001}, {""objectID"": 37100300001}, {""objectID"": 37100200001}, {""objectID"": 37100100001}], ""accessory"": [{""slotID"": ""6""}, {""slotID"": ""2""}, {""slotID"": ""10""}, {""slotID"": ""19""}, {""slotID"": ""20""}, {""slotID"": ""4""}, {""slotID"": ""11""}, {""slotID"": ""31""}, {""slotID"": ""8""}, {""slotID"": ""5""}, {""slotID"": ""3""}], ""allAccessory"": [{""slotID"": ""6""}, {""slotID"": ""2""}, {""slotID"": ""10""}, {""slotID"": ""14""}, {""slotID"": ""19""}, {""slotID"": ""20""}, {""slotID"": ""4""}, {""slotID"": ""11""}, {""slotID"": ""40""}, {""slotID"": ""31""}, {""slotID"": ""41""}, {""slotID"": ""45""}, {""slotID"": ""50""}, {""slotID"": ""8""}, {""slotID"": ""5""}, {""slotID"": ""44""}, {""slotID"": ""3""}]}"
M250通用机枪,gun,gunLMG,轻机枪,"{""meatHarm"": 55, ""shootDistance"": 40, ""recoil"": 45, ""control"": 38, ""stable"": 50, ""hipShot"": 55, ""armorHarm"": 53, ""fireSpeed"": 550, ""capacity"": 125, ""fireMode"": ""单发/全自动"", ""muzzleVelocity"": 600, ""soundDistance"": 600, ""caliber"": ""ammo6.8x51"", ""ammo"": [{""objectID"": 37150600001}, {""objectID"": 37150500001}, {""objectID"": 37150400001}], ""accessory"": [{""slotID"": ""6""}, {""slotID"": ""2""}, {""slotID"": ""10""}, {""slotID"": ""19""}, {""slotID"": ""20""}, {""slotID"": ""4""}, {""slotID"": ""11""}, {""slotID"": ""31""}, {""slotID"": ""8""}, {""slotID"": ""5""}, {""slotID"": ""3""}], ""allAccessory"": [{""slotID"": ""6""}, {""slotID"": ""2""}, {""slotID"": ""10""}, {""slotID"": ""17""}, {""slotID"": ""19""}, {""slotID"": ""20""}, {""slotID"": ""4""}, {""slotID"": ""11""}, {""slotID"": ""40""}, {""slotID"": ""41""}, {""slotID"": ""50""}, {""slotID"": ""45""}, {""slotID"": ""8""}, {""slotID"": ""5""}, {""slotID"": ""3""}, {""slotID"": ""1""}, {""slotID"": ""43""}, {""slotID"": ""30""}]}"
QJB201轻机枪,gun,gunLMG,轻机枪,"{""meatHarm"": 32, ""shootDistance"": 40, ""recoil"": 46, ""control"": 45, ""stable"": 56, ""hipShot"": 50, ""armorHarm"": 38, ""fireSpeed"": 785, ""capacity"": 125, ""fireMode"": ""全自动"", ""muzzleVelocity"": 575, ""soundDistance"": 600, ""caliber"": ""ammo5.8x42"", ""ammo"": [{""objectID"": 37130500001}, {""objectID"": 37130400001}, {""objectID"": 37130300001}, {""objectID"": 37130200001}], ""accessory"": [{""slotID"": ""6""}, {""slotID"": ""2""}, {""slotID"": ""17""}, {""slotID"": ""19""}, {""slotID"": ""20""}, {""slotID"": ""11""}, {""slotID"": ""31""}, {""slotID"": ""8""}, {""slotID"": ""5""}, {""slotID"": ""44""}, {""slotID"": ""3""}, {""slotID"": ""1""}, {""slotID"": ""47""}], ""allAccessory"": [{""slotID"": ""6""}, {""slotID"": ""2""}, {""slotID"": ""10""}, {""slotID"": ""36""}, {""slotID"": ""14""}, {""slotID"": ""17""}, {""slotID"": ""19""}, {""slotID"": ""20""}, {""slotID"": ""32""}, {""slotID"": ""34""}, {""slotID"": ""35""}, {""slotID"": ""4""}, {""slotID"": ""11""}, {""slotID"": ""40""}, {""slotID"": ""31""}, {""slotID"": ""41""}, {""slotID"": ""50""}, {""slotID"": ""45""}, {""slotID"": ""8""}, {""slotID"": ""5""}, {""slotID"": ""44""}, {""slotID"": ""3""}, {""slotID"": ""28""}, {""slotID"": ""1""}, {""slotID"": ""43""}, {""slotID"": ""47""}]}"
Mini-14射手步枪,gun,gunMP,精确射手步枪,"{""meatHarm"": 32, ""shootDistance"": 90, ""recoil"": 60, ""control"": 52, ""stable"": 63, ""hipShot"": 37, ""armorHarm"": 38, ""fireSpeed"": 590, ""capacity"": 10, ""fireMode"": ""单发"", ""muzzleVelocity"": 650, ""soundDistance"": 600, ""caliber"": ""ammo5.56x45"", ""ammo"": [{""objectID"": 37100500001}, {""objectID"": 37100400001}, {""objectID"": 37100300001}, {""objectID"": 37100200001}, {""objectID"": 37100100001}], ""accessory"": [{""slotID"": ""6""}, {""slotID"": ""2""}, {""slotID"": ""4""}, {""slotID"": ""11""}, {""slotID"": ""31""}, {""slotID"": ""5""}], ""allAccessory"": [{""slotID"": ""6""}, {""slotID"": ""2""}, {""slotID"": ""10""}, {""slotID"": ""14""}, {""slotID"": ""19""}, {""slotID"": ""20""}, {""slotID"": ""4""}, {""slotID"": ""11""}, {""slotID"": ""40""}, {""slotID"": ""31""}, {""slotID"": ""41""}, {""slotID"": ""45""}, {""slotID"": ""50""}, {""slotID"": ""8""}, {""slotID"": ""5""}, {""slotID"": ""44""}, {""slotID"": ""3""}]}"
VSS射手步枪,gun,gunMP,精确射手步枪,"{""meatHarm"": 35, ""shootDistance"": 120, ""recoil"": 46, ""control"": 54, ""stable"": 61, ""hipShot"": 38, ""armorHarm"": 48, ""fireSpeed"": 480, ""capacity"": 15, ""fireMode"": ""单发/全自动"", ""muzzleVelocity"": 330, ""soundDistance"": 100, ""caliber"": ""ammo9x39"", ""ammo"": [{""objectID"": 37140500001}, {""objectID"": 37140400001}, {""objectID"": 37140300001}], ""accessory"": [{""slotID"": ""2""}, {""slotID"": ""19""}, {""slotID"": ""20""}, {""slotID"": ""11""}, {""slotID"": ""31""}, {""slotID"": ""8""}, {""slotID"": ""5""}, {""slotID"": ""44""}, {""slotID"": ""3""}], ""allAccessory"": [{""slotID"": ""2""}, {""slotID"": ""10""}, {""slotID"": ""14""}, {""slotID"": ""17""}, {""slotID"": ""19""}, {""slotID"": ""20""}, {""slotID"": ""11""}, {""slotID"": ""40""}, {""slotID"": ""31""}, {""slotID"": ""41""}, {""slotID"": ""45""}, {""slotID"": ""50""}, {""slotID"": ""8""}, {""slotID"": ""5""}, {""slotID"": ""44""}, {""slotID"": ""3""}, {""slotID"": ""54""}]}"
SVD狙击步枪,gun,gunMP,精确射手步枪,"{""meatHarm"": 56, ""shootDistance"": 70, ""recoil"": 42, ""control"": 48, ""stable"": 67, ""hipShot"": 34, ""armorHarm"": 52, ""fireSpeed"": 300, ""capacity"": 10, ""fireMode"": ""单发"", ""muzzleVelocity"": 500, ""soundDistance"": 600, ""caliber"": ""ammo7.62x54"", ""ammo"": [{""objectID"": 37180600001}, {""objectID"": 37180500001}, {""objectID"": 37180400001}, {""objectID"": 37180300001}], ""accessory"": [{""slotID"": ""6""}, {""slotID"": ""2""}, {""slotID"": ""4""}, {""slotID"": ""11""}, {""slotID"": ""31""}, {""slotID"": ""5""}, {""slotID"": ""44""}, {""slotID"": ""1""}], ""allAccessory"": [{""slotID"": ""6""}, {""slotID"": ""2""}, {""slotID"": ""10""}, {""slotID"": ""14""}, {""slotID"": ""17""}, {""slotID"": ""19""}, {""slotID"": ""20""}, {""slotID"": ""32""}, {""slotID"": ""4""}, {""slotID"": ""11""}, {""slotID"": ""40""}, {""slotID"": ""31""}, {""slotID"": ""41""}, {""slotID"": ""45""}, {""slotID"": ""50""}, {""slotID"": ""8""}, {""slotID"": ""5""}, {""slotID"": ""44""}, {""slotID"": ""1""}, {""slotID"": ""43""}]}"
M14射手步枪,gun,gunMP,精确射手步枪,"{""meatHarm"": 40, ""shootDistance"": 40, ""recoil"": 26, ""control"": 58, ""stable"": 55, ""hipShot"": 48, ""armorHarm"": 41, ""fireSpeed"": 727, ""capacity"": 10, ""fireMode"": ""全自动,单发"", ""muzzleVelocity"": 575, ""soundDistance"": 600, ""caliber"": ""ammo7.62x51"", ""ammo"": [{""objectID"": 37170600001}, {""objectID"": 37170500001}, {""objectID"": 37170400001}, {""objectID"": 37170300001}, {""objectID"": 37170200001}], ""accessory"": [{""slotID"": ""6""}, {""slotID"": ""2""}, {""slotID"": ""37""}, {""slotID"": ""11""}, {""slotID"": ""31""}, {""slotID"": ""8""}, {""slotID"": ""5""}, {""slotID"": ""44""}, {""slotID"": ""1""}], ""allAccessory"": [{""slotID"": ""6""}, {""slotID"": ""2""}, {""slotID"": ""10""}, {""slotID"": ""14""}, {""slotID"": ""17""}, {""slotID"": ""19""}, {""slotID"": ""20""}, {""slotID"": ""32""}, {""slotID"": ""34""}, {""slotID"": ""35""}, {""slotID"": ""37""}, {""slotID"": ""11""}, {""slotID"": ""40""}, {""slotID"": ""31""}, {""slotID"": ""41""}, {""slotID"": ""45""}, {""slotID"": ""50""}, {""slotID"": ""8""}, {""slotID"": ""5""}, {""slotID"": ""44""}, {""slotID"": ""3""}, {""slotID"": ""1""}, {""slotID"": ""29""}]}"
SKS射手步枪,gun,gunMP,精确射手步枪,"{""meatHarm"": 44, ""shootDistance"": 55, ""recoil"": 30, ""control"": 55, ""stable"": 60, ""hipShot"": 38, ""armorHarm"": 42, ""fireSpeed"": 510, ""capacity"": 10, ""fireMode"": ""单发"", ""muzzleVelocity"": 575, ""soundDistance"": 600, ""caliber"": ""ammo7.62x39"", ""ammo"": [{""objectID"": 37110500001}, {""objectID"": 37110400001}, {""objectID"": 37110300001}, {""objectID"": 37110200001}, {""objectID"": 37110100001}], ""accessory"": [{""slotID"": ""6""}, {""slotID"": ""2""}, {""slotID"": ""37""}, {""slotID"": ""11""}], ""allAccessory"": [{""slotID"": ""6""}, {""slotID"": ""2""}, {""slotID"": ""10""}, {""slotID"": ""14""}, {""slotID"": ""17""}, {""slotID"": ""19""}, {""slotID"": ""20""}, {""slotID"": ""37""}, {""slotID"": ""11""}, {""slotID"": ""40""}, {""slotID"": ""41""}, {""slotID"": ""45""}, {""slotID"": ""50""}, {""slotID"": ""8""}, {""slotID"": ""5""}, {""slotID"": ""44""}, {""slotID"": ""3""}, {""slotID"": ""1""}, {""slotID"": ""43""}]}"
SR-25射手步枪,gun,gunMP,精确射手步枪,"{""meatHarm"": 50, ""shootDistance"": 90, ""recoil"": 56, ""control"": 56, ""stable"": 59, ""hipShot"": 40, ""armorHarm"": 55, ""fireSpeed"": 364, ""capacity"": 10, ""fireMode"": ""单发"", ""muzzleVelocity"": 550, ""soundDistance"": 600, ""caliber"": ""ammo7.62x51"", ""ammo"": [{""objectID"": 37170600001}, {""objectID"": 37170500001}, {""objectID"": 37170400001}, {""objectID"": 37170300001}, {""objectID"": 37170200001}], ""accessory"": [{""slotID"": ""6""}, {""slotID"": ""2""}, {""slotID"": ""10""}, {""slotID"": ""17""}, {""slotID"": ""19""}, {""slotID"": ""20""}, {""slotID"": ""32""}, {""slotID"": ""34""}, {""slotID"": ""35""}, {""slotID"": ""4""}, {""slotID"": ""11""}, {""slotID"": ""31""}, {""slotID"": ""8""}, {""slotID"": ""5""}, {""slotID"": ""3""}, {""slotID"": ""1""}], ""allAccessory"": [{""slotID"": ""6""}, {""slotID"": ""2""}, {""slotID"": ""10""}, {""slotID"": ""14""}, {""slotID"": ""17""}, {""slotID"": ""19""}, {""slotID"": ""20""}, {""slotID"": ""32""}, {""slotID"": ""34""}, {""slotID"": ""35""}, {""slotID"": ""4""}, {""slotID"": ""11""}, {""slotID"": ""40""}, {""slotID"": ""31""}, {""slotID"": ""41""}, {""slotID"": ""45""}, {""slotID"": ""50""}, {""slotID"": ""8""}, {""slotID"": ""5""}, {""slotID"": ""44""}, {""slotID"": ""3""}, {""slotID"": ""1""}, {""slotID"": ""43""}, {""slotID"": ""30""}]}"
SR9射手步枪,gun,gunMP,精确射手步枪,"{""meatHarm"": 50, ""shootDistance"": 90, ""recoil"": 45, ""control"": 43, ""stable"": 57, ""hipShot"": 31, ""armorHarm"": 55, ""fireSpeed"": 261, ""capacity"": 10, ""fireMode"": ""单发"", ""muzzleVelocity"": 550, ""soundDistance"": 600, ""caliber"": ""ammo7.62x51"", ""ammo"": [{""objectID"": 37170600001}, {""objectID"": 37170500001}, {""objectID"": 37170400001}, {""objectID"": 37170300001}, {""objectID"": 37170200001}], ""accessory"": [{""slotID"": ""6""}, {""slotID"": ""2""}, {""slotID"": ""10""}, {""slotID"": ""14""}, {""slotID"": ""11""}, {""slotID"": ""31""}, {""slotID"": ""8""}, {""slotID"": ""5""}, {""slotID"": ""44""}, {""slotID"": ""49""}, {""slotID"": ""3""}, {""slotID"": ""1""}], ""allAccessory"": [{""slotID"": ""6""}, {""slotID"": ""2""}, {""slotID"": ""10""}, {""slotID"": ""14""}, {""slotID"": ""17""}, {""slotID"": ""19""}, {""slotID"": ""20""}, {""slotID"": ""34""}, {""slotID"": ""35""}, {""slotID"": ""4""}, {""slotID"": ""11""}, {""slotID"": ""40""}, {""slotID"": ""31""}, {""slotID"": ""41""}, {""slotID"": ""45""}, {""slotID"": ""50""}, {""slotID"": ""8""}, {""slotID"": ""5""}, {""slotID"": ""44""}, {""slotID"": ""49""}, {""slotID"": ""3""}, {""slotID"": ""1""}]}"
PSG-1射手步枪,gun,gunMP,精确射手步枪,"{""meatHarm"": 50, ""shootDistance"": 90, ""recoil"": 60, ""control"": 49, ""stable"": 66, ""hipShot"": 34, ""armorHarm"": 55, ""fireSpeed"": 300, ""capacity"": 10, ""fireMode"": ""单发"", ""muzzleVelocity"": 550, ""soundDistance"": 600, ""caliber"": ""ammo7.62x51"", ""ammo"": [{""objectID"": 37170600001}, {""objectID"": 37170500001}, {""objectID"": 37170400001}, {""objectID"": 37170300001}, {""objectID"": 37170200001}], ""accessory"": [{""slotID"": ""6""}, {""slotID"": ""2""}, {""slotID"": ""10""}, {""slotID"": ""14""}, {""slotID"": ""11""}, {""slotID"": ""31""}, {""slotID"": ""8""}, {""slotID"": ""5""}, {""slotID"": ""44""}, {""slotID"": ""49""}, {""slotID"": ""3""}, {""slotID"": ""1""}], ""allAccessory"": [{""slotID"": ""6""}, {""slotID"": ""2""}, {""slotID"": ""10""}, {""slotID"": ""14""}, {""slotID"": ""17""}, {""slotID"": ""19""}, {""slotID"": ""20""}, {""slotID"": ""34""}, {""slotID"": ""35""}, {""slotID"": ""4""}, {""slotID"": ""11""}, {""slotID"": ""40""}, {""slotID"": ""31""}, {""slotID"": ""41""}, {""slotID"": ""45""}, {""slotID"": ""50""}, {""slotID"": ""8""}, {""slotID"": ""5""}, {""slotID"": ""44""}, {""slotID"": ""49""}, {""slotID"": ""3""}, {""slotID"": ""1""}]}"
SV-98狙击步枪,gun,gunSniper,狙击步枪,"{""meatHarm"": 55, ""shootDistance"": 150, ""recoil"": 55, ""control"": 44, ""stable"": 74, ""hipShot"": 26, ""armorHarm"": 53, ""fireSpeed"": 40, ""capacity"": 7, ""fireMode"": ""单发"", ""muzzleVelocity"": 650, ""soundDistance"": 600, ""caliber"": ""ammo7.62x54"", ""ammo"": [{""objectID"": 37180600001}, {""objectID"": 37180500001}, {""objectID"": 37180400001}, {""objectID"": 37180300001}], ""accessory"": [{""slotID"": ""6""}, {""slotID"": ""2""}, {""slotID"": ""10""}, {""slotID"": ""17""}, {""slotID"": ""19""}, {""slotID"": ""20""}, {""slotID"": ""11""}, {""slotID"": ""31""}], ""allAccessory"": [{""slotID"": ""6""}, {""slotID"": ""2""}, {""slotID"": ""10""}, {""slotID"": ""14""}, {""slotID"": ""17""}, {""slotID"": ""19""}, {""slotID"": ""20""}, {""slotID"": ""11""}, {""slotID"": ""40""}, {""slotID"": ""31""}, {""slotID"": ""41""}, {""slotID"": ""45""}, {""slotID"": ""50""}, {""slotID"": ""5""}, {""slotID"": ""3""}, {""slotID"": ""1""}]}"
R93狙击步枪,gun,gunSniper,狙击步枪,"{""meatHarm"": 55, ""shootDistance"": 150, ""recoil"": 55, ""control"": 52, ""stable"": 66, ""hipShot"": 28, ""armorHarm"": 53, ""fireSpeed"": 50, ""capacity"": 10, ""fireMode"": ""单发"", ""muzzleVelocity"": 550, ""soundDistance"": 600, ""caliber"": ""ammo7.62x51"", ""ammo"": [{""objectID"": 37170600001}, {""objectID"": 37170500001}, {""objectID"": 37170400001}, {""objectID"": 37170300001}, {""objectID"": 37170200001}], ""accessory"": [{""slotID"": ""6""}, {""slotID"": ""2""}, {""slotID"": ""10""}, {""slotID"": ""11""}, {""slotID"": ""31""}, {""slotID"": ""5""}], ""allAccessory"": [{""slotID"": ""6""}, {""slotID"": ""2""}, {""slotID"": ""10""}, {""slotID"": ""14""}, {""slotID"": ""11""}, {""slotID"": ""40""}, {""slotID"": ""31""}, {""slotID"": ""41""}, {""slotID"": ""45""}, {""slotID"": ""50""}, {""slotID"": ""5""}]}"
M700狙击步枪,gun,gunSniper,狙击步枪,"{""meatHarm"": 55, ""shootDistance"": 150, ""recoil"": 24, ""control"": 48, ""stable"": 70, ""hipShot"": 27, ""armorHarm"": 53, ""fireSpeed"": 48, ""capacity"": 5, ""fireMode"": ""单发"", ""muzzleVelocity"": 650, ""soundDistance"": 600, ""caliber"": ""ammo7.62x51"", ""ammo"": [{""objectID"": 37170600001}, {""objectID"": 37170500001}, {""objectID"": 37170400001}, {""objectID"": 37170300001}, {""objectID"": 37170200001}], ""accessory"": [{""slotID"": ""6""}, {""slotID"": ""2""}, {""slotID"": ""4""}, {""slotID"": ""11""}, {""slotID"": ""31""}, {""slotID"": ""5""}], ""allAccessory"": [{""slotID"": ""6""}, {""slotID"": ""2""}, {""slotID"": ""10""}, {""slotID"": ""14""}, {""slotID"": ""17""}, {""slotID"": ""19""}, {""slotID"": ""20""}, {""slotID"": ""32""}, {""slotID"": ""34""}, {""slotID"": ""35""}, {""slotID"": ""4""}, {""slotID"": ""11""}, {""slotID"": ""40""}, {""slotID"": ""31""}, {""slotID"": ""41""}, {""slotID"": ""50""}, {""slotID"": ""45""}, {""slotID"": ""8""}, {""slotID"": ""5""}, {""slotID"": ""44""}, {""slotID"": ""3""}, {""slotID"": ""1""}, {""slotID"": ""43""}, {""slotID"": ""29""}]}"
AWM狙击步枪,gun,gunSniper,狙击步枪,"{""meatHarm"": 100, ""shootDistance"": 200, ""recoil"": 20, ""control"": 44, ""stable"": 74, ""hipShot"": 23, ""armorHarm"": 10, ""fireSpeed"": 35, ""capacity"": 5, ""fireMode"": ""单发"", ""muzzleVelocity"": 750, ""soundDistance"": 800, ""caliber"": ""ammo.338"", ""ammo"": [{""objectID"": 37240700001}], ""accessory"": [{""slotID"": ""6""}, {""slotID"": ""2""}, {""slotID"": ""11""}, {""slotID"": ""31""}, {""slotID"": ""22""}], ""allAccessory"": [{""slotID"": ""6""}, {""slotID"": ""2""}, {""slotID"": ""10""}, {""slotID"": ""14""}, {""slotID"": ""19""}, {""slotID"": ""20""}, {""slotID"": ""34""}, {""slotID"": ""35""}, {""slotID"": ""4""}, {""slotID"": ""11""}, {""slotID"": ""40""}, {""slotID"": ""31""}, {""slotID"": ""41""}, {""slotID"": ""45""}, {""slotID"": ""50""}, {""slotID"": ""5""}, {""slotID"": ""44""}, {""slotID"": ""22""}]}"
QSZ92G,gun,gunPistol,手枪,"{""meatHarm"": 34, ""shootDistance"": 27, ""recoil"": 55, ""control"": 64, ""stable"": 41, ""hipShot"": 77, ""armorHarm"": 32, ""fireSpeed"": 375, ""capacity"": 15, ""fireMode"": ""单发"", ""muzzleVelocity"": 400, ""soundDistance"": 300, ""caliber"": ""ammo9x19"", ""ammo"": [{""objectID"": 37200400001}, {""objectID"": 37200000001}, {""objectID"": 37200300001}, {""objectID"": 37200200001}, {""objectID"": 37200100001}], ""accessory"": [{""slotID"": ""6""}, {""slotID"": ""2""}, {""slotID"": ""18""}, {""slotID"": ""11""}], ""allAccessory"": [{""slotID"": ""6""}, {""slotID"": ""2""}, {""slotID"": ""18""}, {""slotID"": ""11""}]}"
.357左轮,gun,gunPistol,手枪,"{""meatHarm"": 56, ""shootDistance"": 35, ""recoil"": 34, ""control"": 62, ""stable"": 43, ""hipShot"": 65, ""armorHarm"": 39, ""fireSpeed"": 182, ""capacity"": 6, ""fireMode"": ""单发"", ""muzzleVelocity"": 340, ""soundDistance"": 300, ""caliber"": ""ammo.357"", ""ammo"": [{""objectID"": 37220400001}, {""objectID"": 37220000001}, {""objectID"": 37220300001}, {""objectID"": 37220200001}], ""accessory"": [{""slotID"": ""6""}, {""slotID"": ""2""}, {""slotID"": ""11""}, {""slotID"": ""1""}], ""allAccessory"": [{""slotID"": ""6""}, {""slotID"": ""2""}, {""slotID"": ""10""}, {""slotID"": ""17""}, {""slotID"": ""19""}, {""slotID"": ""20""}, {""slotID"": ""32""}, {""slotID"": ""34""}, {""slotID"": ""35""}, {""slotID"": ""11""}, {""slotID"": ""40""}, {""slotID"": ""45""}, {""slotID"": ""8""}, {""slotID"": ""3""}, {""slotID"": ""1""}]}"
沙漠之鹰,gun,gunPistol,手枪,"{""meatHarm"": 50, ""shootDistance"": 35, ""recoil"": 40, ""control"": 66, ""stable"": 39, ""hipShot"": 71, ""armorHarm"": 34, ""fireSpeed"": 207, ""capacity"": 7, ""fireMode"": ""单发"", ""muzzleVelocity"": 340, ""soundDistance"": 300, ""caliber"": ""ammo.50"", ""ammo"": [{""objectID"": 37230500001}, {""objectID"": 37230400001}, {""objectID"": 37230300001}, {""objectID"": 37230200001}], ""accessory"": [{""slotID"": ""6""}, {""slotID"": ""2""}, {""slotID"": ""18""}, {""slotID"": ""11""}, {""slotID"": ""5""}, {""slotID"": ""1""}], ""allAccessory"": [{""slotID"": ""6""}, {""slotID"": ""2""}, {""slotID"": ""18""}, {""slotID"": ""11""}, {""slotID"": ""5""}, {""slotID"": ""1""}]}"
G18,gun,gunPistol,手枪,"{""meatHarm"": 23, ""shootDistance"": 10, ""recoil"": 30, ""control"": 62, ""stable"": 43, ""hipShot"": 67, ""armorHarm"": 16, ""fireSpeed"": 1172, ""capacity"": 17, ""fireMode"": ""全自动"", ""muzzleVelocity"": 400, ""soundDistance"": 300, ""caliber"": ""ammo9x19"", ""ammo"": [{""objectID"": 37200400001}, {""objectID"": 37200000001}, {""objectID"": 37200300001}, {""objectID"": 37200200001}, {""objectID"": 37200100001}], ""accessory"": [{""slotID"": ""6""}, {""slotID"": ""2""}, {""slotID"": ""18""}, {""slotID"": ""11""}, {""slotID"": ""5""}, {""slotID"": ""1""}], ""allAccessory"": [{""slotID"": ""6""}, {""slotID"": ""2""}, {""slotID"": ""18""}, {""slotID"": ""11""}, {""slotID"": ""5""}, {""slotID"": ""1""}]}"
93R,gun,gunPistol,手枪,"{""meatHarm"": 34, ""shootDistance"": 22, ""recoil"": 44, ""control"": 67, ""stable"": 38, ""hipShot"": 78, ""armorHarm"": 32, ""fireSpeed"": 672, ""capacity"": 12, ""fireMode"": ""连发"", ""muzzleVelocity"": 400, ""soundDistance"": 300, ""caliber"": ""ammo9x19"", ""ammo"": [{""objectID"": 37200400001}, {""objectID"": 37200000001}, {""objectID"": 37200300001}, {""objectID"": 37200200001}, {""objectID"": 37200100001}], ""accessory"": [{""slotID"": ""6""}, {""slotID"": ""2""}, {""slotID"": ""18""}, {""slotID"": ""11""}, {""slotID"": ""5""}, {""slotID"": ""1""}], ""allAccessory"": [{""slotID"": ""6""}, {""slotID"": ""2""}, {""slotID"": ""18""}, {""slotID"": ""11""}, {""slotID"": ""5""}, {""slotID"": ""1""}]}"
G17,gun,gunPistol,手枪,"{""meatHarm"": 27, ""shootDistance"": 27, ""recoil"": 42, ""control"": 70, ""stable"": 35, ""hipShot"": 75, ""armorHarm"": 25, ""fireSpeed"": 462, ""capacity"": 17, ""fireMode"": ""单发"", ""muzzleVelocity"": 400, ""soundDistance"": 300, ""caliber"": ""ammo9x19"", ""ammo"": [{""objectID"": 37200400001}, {""objectID"": 37200000001}, {""objectID"": 37200300001}, {""objectID"": 37200200001}, {""objectID"": 37200100001}], ""accessory"": [{""slotID"": ""6""}, {""slotID"": ""2""}, {""slotID"": ""18""}, {""slotID"": ""11""}, {""slotID"": ""5""}], ""allAccessory"": [{""slotID"": ""6""}, {""slotID"": ""2""}, {""slotID"": ""18""}, {""slotID"": ""11""}, {""slotID"": ""5""}]}"
M1911,gun,gunPistol,手枪,"{""meatHarm"": 40, ""shootDistance"": 15, ""recoil"": 39, ""control"": 65, ""stable"": 40, ""hipShot"": 67, ""armorHarm"": 30, ""fireSpeed"": 373, ""capacity"": 7, ""fireMode"": ""单发"", ""muzzleVelocity"": 400, ""soundDistance"": 300, ""caliber"": "".45ACP"", ""accessory"": [{""slotID"": ""6""}, {""slotID"": ""2""}, {""slotID"": ""18""}, {""slotID"": ""11""}, {""slotID"": ""5""}, {""slotID"": ""49""}, {""slotID"": ""1""}, {""slotID"": ""48""}], ""allAccessory"": [{""slotID"": ""6""}, {""slotID"": ""2""}, {""slotID"": ""18""}, {""slotID"": ""11""}, {""slotID"": ""5""}, {""slotID"": ""49""}, {""slotID"": ""1""}, {""slotID"": ""48""}]}"
复合弓,gun,special ,特殊武器,"{""meatHarm"": 90, ""shootDistance"": 65, ""recoil"": 32, ""control"": 66, ""stable"": 55, ""hipShot"": 57, ""armorHarm"": 65, ""fireSpeed"": 182, ""capacity"": 1, ""fireMode"": ""单发"", ""muzzleVelocity"": 200, ""soundDistance"": 30, ""caliber"": ""ammoArrow"", ""ammo"": [{""objectID"": 37270500001}, {""objectID"": 37270400001}, {""objectID"": 37270300001}], ""accessory"": [{""slotID"": ""55""}, {""slotID"": ""56""}, {""slotID"": ""57""}, {""slotID"": ""58""}, {""slotID"": ""59""}, {""slotID"": ""60""}], ""allAccessory"": [{""slotID"": ""55""}, {""slotID"": ""56""}, {""slotID"": ""57""}, {""slotID"": ""58""}, {""slotID"": ""59""}, {""slotID"": ""60""}]}"
MK47突击步枪,gun,gunRifle,步枪,"{""meatHarm"": 40, ""shootDistance"": 35, ""recoil"": 35, ""control"": 55, ""stable"": 50, ""hipShot"": 53, ""armorHarm"": 46, ""fireSpeed"": 625, ""capacity"": 20, ""fireMode"": ""单发/全自动"", ""muzzleVelocity"": 525, ""soundDistance"": 500, ""caliber"": ""ammo7.62x39"", ""ammo"": [{""objectID"": 37110500001}, {""objectID"": 37110400001}, {""objectID"": 37110300001}, {""objectID"": 37110200001}, {""objectID"": 37110100001}], ""accessory"": [{""slotID"": ""6""}, {""slotID"": ""2""}, {""slotID"": ""17""}, {""slotID"": ""19""}, {""slotID"": ""20""}, {""slotID"": ""32""}, {""slotID"": ""34""}, {""slotID"": ""35""}, {""slotID"": ""11""}, {""slotID"": ""31""}, {""slotID"": ""8""}, {""slotID"": ""5""}, {""slotID"": ""44""}, {""slotID"": ""3""}, {""slotID"": ""1""}], ""allAccessory"": [{""slotID"": ""6""}, {""slotID"": ""2""}, {""slotID"": ""10""}, {""slotID"": ""14""}, {""slotID"": ""17""}, {""slotID"": ""19""}, {""slotID"": ""20""}, {""slotID"": ""32""}, {""slotID"": ""34""}, {""slotID"": ""35""}, {""slotID"": ""4""}, {""slotID"": ""11""}, {""slotID"": ""40""}, {""slotID"": ""31""}, {""slotID"": ""41""}, {""slotID"": ""45""}, {""slotID"": ""50""}, {""slotID"": ""8""}, {""slotID"": ""5""}, {""slotID"": ""44""}, {""slotID"": ""3""}, {""slotID"": ""1""}, {""slotID"": ""43""}, {""slotID"": ""30""}]}"
杠杆式步枪,gun,gunMP,精确射手步枪,"{""meatHarm"": 70, ""shootDistance"": 30, ""recoil"": 47, ""control"": 55, ""stable"": 49, ""hipShot"": 43, ""armorHarm"": 25, ""fireSpeed"": 100, ""capacity"": 10, ""fireMode"": ""单发"", ""muzzleVelocity"": 750, ""soundDistance"": 600, ""caliber"": ""ammo.45-70"", ""ammo"": [{""objectID"": 37290500001}, {""objectID"": 37290400001}, {""objectID"": 37290300001}], ""allAccessory"": [{""slotID"": ""2""}, {""slotID"": ""14""}, {""slotID"": ""17""}, {""slotID"": ""19""}, {""slotID"": ""20""}, {""slotID"": ""34""}, {""slotID"": ""35""}, {""slotID"": ""11""}, {""slotID"": ""40""}, {""slotID"": ""31""}, {""slotID"": ""41""}, {""slotID"": ""45""}, {""slotID"": ""50""}, {""slotID"": ""8""}, {""slotID"": ""3""}, {""slotID"": ""29""}, {""slotID"": ""62""}]}"
MK4冲锋枪,gun,gunSMG,冲锋枪,"{""meatHarm"": 34, ""shootDistance"": 20, ""recoil"": 46, ""control"": 60, ""stable"": 51, ""hipShot"": 58, ""armorHarm"": 30, ""fireSpeed"": 793, ""capacity"": 24, ""fireMode"": ""单发/连发"", ""muzzleVelocity"": 793, ""soundDistance"": 300, ""caliber"": ""ammo4.6x30"", ""ammo"": [{""objectID"": 37260500001}, {""objectID"": 37260400001}, {""objectID"": 37260300001}], ""accessory"": [{""slotID"": ""6""}, {""slotID"": ""2""}, {""slotID"": ""17""}, {""slotID"": ""19""}, {""slotID"": ""20""}, {""slotID"": ""11""}, {""slotID"": ""31""}, {""slotID"": ""8""}, {""slotID"": ""5""}, {""slotID"": ""44""}, {""slotID"": ""3""}, {""slotID"": ""1""}], ""allAccessory"": [{""slotID"": ""6""}, {""slotID"": ""2""}, {""slotID"": ""10""}, {""slotID"": ""14""}, {""slotID"": ""17""}, {""slotID"": ""19""}, {""slotID"": ""20""}, {""slotID"": ""32""}, {""slotID"": ""34""}, {""slotID"": ""35""}, {""slotID"": ""11""}, {""slotID"": ""40""}, {""slotID"": ""31""}, {""slotID"": ""41""}, {""slotID"": ""45""}, {""slotID"": ""50""}, {""slotID"": ""8""}, {""slotID"": ""5""}, {""slotID"": ""44""}, {""slotID"": ""3""}, {""slotID"": ""1""}, {""slotID"": ""43""}, {""slotID"": ""30""}]}"
